[
    {
        "id" : 5, 
        "photoURL" : "/image/ex-img.jpg",
        "cafeName" : "스타벅스",
        "cafeAdress" : "서울시 강남대로 1"
    },
    {
        "id" : 7, 
        "photoURL" : "/image/ex-img2.jpg",
        "cafeName" : "투썸플레이스",
        "cafeAdress" : "서울시 강남대로 2"
    },
    {
        "id" : 8, 
        "photoURL" : "/image/ex-img3.jpg",
        "cafeName" : "투썸플레이스2",
        "cafeAdress" : "서울시 강남대로 5"
    },
    {
        "id" : 9, 
        "photoURL" : "/image/ex-img.jpg",
        "cafeName" : "투썸플레이스2",
        "cafeAdress" : "서울시 강남대로 5"
    }
]