[
  {
    "id" : 1,
    "name" : "소길별하",
    "addr" : "제주시, 제주시 서부",
    "star" : "5"
  },
  {
    "id" : 2,
    "name" : "앤트러사이트 제주 한림점",
    "addr" : "제주시, 제주시 서부",
    "star" : "5"
  },
  {
    "id" : 3,
    "name" : "청춘부부",
    "addr" : "서귀포시, 서귀포시 서부",
    "star" : "3"
  },
  {
    "id" : 4,
    "name" : "카페리",
    "addr" : "제주시, 제주시 동부",
    "star" : "3"
  },
  {
    "id" : 5,
    "name" : "정지영커피로스터즈 장안문점",
    "addr" : "수원시, 팔달구",
    "star" : "3"
  },
  {
    "id" : 6,
    "name" : "정지영커피로스터즈 장안문점",
    "addr" : "수원시, 팔달구",
    "star" : "3"
  },
  {
    "id" : 7,
    "name" : "정지영커피로스터즈 장안문점",
    "addr" : "수원시, 팔달구",
    "star" : "3"
  },
  {
    "id" : 8,
    "name" : "정지영커피로스터즈 장안문점",
    "addr" : "수원시, 팔달구",
    "star" : "3"
  },
  {
    "id" : 9,
    "name" : "정지영커피로스터즈 장안문점",
    "addr" : "수원시, 팔달구",
    "star" : "3"
  }

]